{"train_loss": [2.8030901193618774, 2.1367660760879517, 2.008939489722252, 1.8178734183311462, 1.8001067031312872, 1.7226104040940602, 1.7019914207713944, 1.6163531765341759, 1.6048835680402558], "train_acc": [0.1111328125, 0.173828125, 0.21435546875, 0.29248046875, 0.3081958912037037, 0.3408203125, 0.35791015625, 0.3974609375, 0.39880792025862066], "test_loss": [2.2886146903038025, 2.127302286028862, 1.932651510834694, 1.8414416670799256, 1.822794184088707, 1.7157679915428161, 1.6801569133996963, 1.6444099485874175, 1.5678289204835891], "test_acc": [0.11484375, 0.17138671875, 0.2505859375, 0.2916015625, 0.30830078125, 0.35234375, 0.3724609375, 0.3966796875, 0.41748046875]}