{"train_loss": [1.97382688164711, 1.6022003293037415, 1.4896158942809472, 1.2514262795448303, 1.1797919472058613, 0.9788722892602285, 0.9588217650141034, 0.8262700289487839, 0.8115407973527908], "train_acc": [0.251484375, 0.4013671875, 0.44737830528846156, 0.546875, 0.5702039930555556, 0.6497395833333334, 0.6565290178571429, 0.700927734375, 0.7121497844827587], "test_loss": [1.7411959946155549, 1.5907283931970597, 1.4625894665718078, 1.239438733458519, 1.1911009430885315, 1.0218072220683099, 0.9812278836965561, 0.8881614059209824, 0.8367315709590912], "test_acc": [0.312890625, 0.41474609375, 0.4822265625, 0.55390625, 0.5884765625, 0.63564453125, 0.6638671875, 0.686328125, 0.71328125]}