{"train_loss": [2.054528846740723, 1.8634326756000519, 1.7921692029787943, 1.6736989617347717, 1.6510006719165378, 1.5716662307580311, 1.531683043709823, 1.4366524368524551, 1.3818345172651882], "train_acc": [0.235078125, 0.283203125, 0.3254206730769231, 0.37548828125, 0.3855613425925926, 0.4222005208333333, 0.43355887276785715, 0.4794921875, 0.49720501077586204], "test_loss": [1.9275175273418426, 1.8170421153306962, 1.6853422611951827, 1.6262912303209305, 1.580898979306221, 1.5373908698558807, 1.4836925238370895, 1.4289161384105682, 1.3698839843273163], "test_acc": [0.2857421875, 0.3244140625, 0.3677734375, 0.39384765625, 0.4158203125, 0.422265625, 0.446875, 0.4720703125, 0.49658203125]}