{"train_loss": [2.18905406832695, 1.93876114487648, 1.9042711555957794, 1.8252767026424408, 1.8077790174219344, 1.7320044934749603, 1.7265155677284514, 1.6719080209732056, 1.6609530520850215], "train_acc": [0.16359375, 0.279296875, 0.27817007211538464, 0.30126953125, 0.3265697337962963, 0.3489583333333333, 0.3564453125, 0.375, 0.3855064655172414], "test_loss": [2.0508170276880264, 1.926537635922432, 1.8191411763429641, 1.7908731430768967, 1.7812179356813431, 1.7182244032621383, 1.7049601525068283, 1.6431230455636978, 1.6280816882848739], "test_acc": [0.2123046875, 0.2732421875, 0.32421875, 0.344140625, 0.33974609375, 0.36083984375, 0.37255859375, 0.39560546875, 0.400390625]}