{"train_loss": [2.089184968471527, 1.5807756185531616, 1.4903584925027995, 1.298474669456482, 1.2259003166799192, 1.0635710855325062, 1.020750774868897, 0.8831241019070148, 0.8510866180576128], "train_acc": [0.23234375, 0.4052734375, 0.44790414663461536, 0.5283203125, 0.5553023726851852, 0.6171875, 0.6353585379464286, 0.6826171875, 0.6989830280172413], "test_loss": [1.7893269687891007, 1.5598227560520173, 1.3666223675012588, 1.2846875667572022, 1.178514301776886, 1.0686975821852684, 1.011512103676796, 0.8713571086525917, 0.8431073918938636], "test_acc": [0.3064453125, 0.4162109375, 0.49208984375, 0.53681640625, 0.57861328125, 0.61953125, 0.642578125, 0.694140625, 0.70419921875]}