{"train_loss": [2.306031370162964, 2.3112781643867493, 2.30055354650204, 2.298660457134247, 2.299305143179717, 2.2970783511797586, 2.2978138646909168, 2.298085480928421, 2.2976084577626197], "train_acc": [0.1006640625, 0.083984375, 0.10291466346153846, 0.0966796875, 0.10185185185185185, 0.09602864583333333, 0.10316685267857142, 0.09619140625, 0.10344827586206896], "test_loss": [2.299505215883255, 2.301396209001541, 2.297893464565277, 2.299261909723282, 2.298113691806793, 2.2975342750549315, 2.2970243275165556, 2.298348307609558, 2.2967453360557557], "test_acc": [0.102734375, 0.09736328125, 0.10283203125, 0.09736328125, 0.10322265625, 0.10439453125, 0.1017578125, 0.09736328125, 0.1029296875]}